{
  "aicore\\dgn.cpp": 1782223675.8596556,
  "aicore\\cli\\model_optimizer_main.cpp": 1781416322.4887547,
  "aicore\\cli\\patchcore_train_main.cpp": 1781483571.6856349,
  "aicore\\cli\\roi_infer_main.cpp": 1781484209.4085622,
  "aicore\\cli\\roi_train_main.cpp": 1781672876.5902765,
  "aicore\\cli\\trainer_main.cpp": 1781416317.2605765,
  "aicore\\gui\\main.cpp": 1781416256.5513017,
  "aicore\\gui\\main_window.cpp": 1782261652.9122536,
  "aicore\\gui\\main_window.h": 1782261620.4083683,
  "aicore\\gui\\training_dialog.cpp": 1782226986.4561336,
  "aicore\\gui\\training_dialog.h": 1782261078.9384093,
  "aicore\\include\\api\\aicore_api.h": 1782261466.1375597,
  "aicore\\include\\api\\scheduler_api.h": 1782261556.079031,
  "aicore\\include\\backend\\backend_factory.h": 1781416109.3682575,
  "aicore\\include\\config\\config_parser.h": 1781416114.506822,
  "aicore\\include\\config\\pipeline_builder.h": 1781416116.9121695,
  "aicore\\include\\core\\allocator.h": 1781416101.3331995,
  "aicore\\include\\core\\cuda_mem.h": 1782260986.072171,
  "aicore\\include\\core\\frame.h": 1781416081.2308042,
  "aicore\\include\\core\\model_backend.h": 1781416097.5512218,
  "aicore\\include\\core\\pipeline.h": 1781416086.329791,
  "aicore\\include\\core\\processor.h": 1781766029.8826616,
  "aicore\\include\\core\\types.h": 1782261446.5656557,
  "aicore\\include\\engine\\ai_engine.h": 1782260990.032465,
  "aicore\\include\\engine\\engine_pool.h": 1781416130.9823396,
  "aicore\\include\\engine\\thread_pool.h": 1781416125.260233,
  "aicore\\include\\optimizer\\int8_calibrator.h": 1781416095.502435,
  "aicore\\include\\optimizer\\model_optimizer.h": 1781416089.275268,
  "aicore\\include\\optimizer\\onnx_exporter.h": 1781416107.4249508,
  "aicore\\include\\optimizer\\optimizer_api.h": 1781416083.6557343,
  "aicore\\include\\optimizer\\python_embedding.h": 1782206657.6154017,
  "aicore\\include\\optimizer\\tensorrt_builder.h": 1781416101.807997,
  "aicore\\include\\patchcore\\backbone.h": 1781416093.0827353,
  "aicore\\include\\patchcore\\backbone_libtorch.h": 1781416103.023706,
  "aicore\\include\\patchcore\\backbone_model.h": 1781416098.9468694,
  "aicore\\include\\patchcore\\backbone_opencv.h": 1781416106.4473166,
  "aicore\\include\\patchcore\\coreset_sampler.h": 1781416119.0594447,
  "aicore\\include\\patchcore\\folder_dataset.h": 1781672832.1521761,
  "aicore\\include\\patchcore\\memory_bank.h": 1781416116.1277125,
  "aicore\\include\\patchcore\\memory_manager.h": 1782260996.5867994,
  "aicore\\include\\patchcore\\multi_roi_node.h": 1781769809.7790396,
  "aicore\\include\\patchcore\\patchcore_node.h": 1782261567.3240712,
  "aicore\\include\\patchcore\\patchcore_trainer.h": 1781484520.6099906,
  "aicore\\include\\patchcore\\roi_def.h": 1781484507.4597378,
  "aicore\\include\\patchcore\\roi_trainer.h": 1781672843.7515736,
  "aicore\\include\\patchcore\\scheduler.h": 1782263348.5194173,
  "aicore\\include\\patchcore\\tiered_memory_bank.h": 1782261005.9151366,
  "aicore\\include\\pipeline\\composite_node.h": 1782261013.5090435,
  "aicore\\include\\pipeline\\merge_node.h": 1782261016.6329927,
  "aicore\\include\\pipeline\\model_node.h": 1782261020.2533536,
  "aicore\\include\\pipeline\\pipeline_impl.h": 1782261029.392116,
  "aicore\\include\\postprocess\\nms_node.h": 1782261043.7312016,
  "aicore\\include\\preprocess\\normalize_node.h": 1782261037.6038349,
  "aicore\\include\\preprocess\\resize_node.h": 1782261040.6764002,
  "aicore\\include\\server\\inference_server.h": 1782264101.5264935,
  "aicore\\include\\server\\model_registry.h": 1782264127.829779,
  "aicore\\include\\server\\server_api.h": 1782261716.9548705,
  "aicore\\include\\trainer\\callback.h": 1781416097.9815745,
  "aicore\\include\\trainer\\trainer_api.h": 1781416092.6978493,
  "aicore\\include\\trainer\\data\\augmentation.h": 1781416117.5462925,
  "aicore\\include\\trainer\\data\\dataset.h": 1781416104.713206,
  "aicore\\include\\trainer\\data\\data_loader.h": 1781416112.126092,
  "aicore\\include\\trainer\\data\\yolo_data.h": 1782222061.0396287,
  "aicore\\include\\trainer\\export\\model_exporter.h": 1781416169.1532435,
  "aicore\\include\\trainer\\model\\model_factory.h": 1782220733.0461233,
  "aicore\\include\\trainer\\model\\python_trainer.h": 1781416130.9823396,
  "aicore\\include\\trainer\\model\\yolo_loss.h": 1782227371.7576318,
  "aicore\\include\\trainer\\model\\yolo_model.h": 1782227299.538466,
  "aicore\\include\\trainer\\training\\checkpoint.h": 1781416151.289677,
  "aicore\\include\\trainer\\training\\early_stopping.h": 1781416156.3193457,
  "aicore\\include\\trainer\\training\\training_loop.h": 1781416138.037178,
  "aicore\\include\\trainer\\training\\training_scheduler.h": 1781416144.9515405,
  "aicore\\include\\trainer\\training\\yolo_trainer.h": 1782227026.9154625,
  "aicore\\include\\trainer\\validation\\validator.h": 1781416164.727753,
  "aicore\\scripts\\export_onnx.py": 1781416481.3728852,
  "aicore\\scripts\\export_patchcore_backbone.py": 1781483538.3393376,
  "aicore\\scripts\\train_yolo.py": 1781416473.162331,
  "aicore\\src\\api\\aicore_api.cpp": 1782261473.212882,
  "aicore\\src\\api\\scheduler_api.cpp": 1782261561.1935773,
  "aicore\\src\\backend\\backend_factory.cpp": 1781416272.3987908,
  "aicore\\src\\backend\\libtorch_backend.cpp": 1781416275.7670267,
  "aicore\\src\\backend\\onnxruntime_backend.cpp": 1781416281.8966856,
  "aicore\\src\\backend\\tensorrt_backend.cpp": 1781416278.6025505,
  "aicore\\src\\config\\config_parser.cpp": 1781416299.140588,
  "aicore\\src\\config\\pipeline_builder.cpp": 1782264008.8967211,
  "aicore\\src\\engine\\ai_engine.cpp": 1782261051.5665166,
  "aicore\\src\\engine\\engine_pool.cpp": 1781417203.9470987,
  "aicore\\src\\engine\\thread_pool.cpp": 1781417203.9470987,
  "aicore\\src\\optimizer\\int8_calibrator.cpp": 1781416131.0936692,
  "aicore\\src\\optimizer\\model_optimizer.cpp": 1781416126.168283,
  "aicore\\src\\optimizer\\onnx_exporter.cpp": 1781416141.8607895,
  "aicore\\src\\optimizer\\optimizer_api.cpp": 1781416118.169566,
  "aicore\\src\\optimizer\\python_embedding.cpp": 1782218878.5231533,
  "aicore\\src\\optimizer\\tensorrt_builder.cpp": 1781416135.7119687,
  "aicore\\src\\patchcore\\backbone.cpp": 1781416185.5658805,
  "aicore\\src\\patchcore\\backbone_libtorch.cpp": 1781483555.728198,
  "aicore\\src\\patchcore\\backbone_model.cpp": 1781416173.3875773,
  "aicore\\src\\patchcore\\backbone_opencv.cpp": 1781416182.069221,
  "aicore\\src\\patchcore\\coreset_sampler.cpp": 1781417126.2368073,
  "aicore\\src\\patchcore\\folder_dataset.cpp": 1781672836.738553,
  "aicore\\src\\patchcore\\memory_bank.cpp": 1781417108.4874816,
  "aicore\\src\\patchcore\\memory_manager.cpp": 1782261065.1488588,
  "aicore\\src\\patchcore\\multi_roi_node.cpp": 1782205098.9233742,
  "aicore\\src\\patchcore\\patchcore_node.cpp": 1782261590.3716052,
  "aicore\\src\\patchcore\\patchcore_trainer.cpp": 1782261610.3320663,
  "aicore\\src\\patchcore\\roi_def.cpp": 1781484515.2414603,
  "aicore\\src\\patchcore\\roi_trainer.cpp": 1781672882.0042987,
  "aicore\\src\\patchcore\\scheduler.cpp": 1782263371.170195,
  "aicore\\src\\patchcore\\tiered_memory_bank.cpp": 1782205036.007852,
  "aicore\\src\\pipeline\\composite_node.cpp": 1781416299.586805,
  "aicore\\src\\pipeline\\merge_node.cpp": 1781416305.015028,
  "aicore\\src\\pipeline\\model_node.cpp": 1782186398.3365016,
  "aicore\\src\\pipeline\\pipeline_impl.cpp": 1782261458.7615411,
  "aicore\\src\\postprocess\\nms_node.cpp": 1781416331.7745366,
  "aicore\\src\\preprocess\\normalize_node.cpp": 1781417203.1766443,
  "aicore\\src\\preprocess\\resize_node.cpp": 1781416310.6265757,
  "aicore\\src\\server\\inference_server.cpp": 1782264107.1708014,
  "aicore\\src\\server\\model_registry.cpp": 1782264142.225729,
  "aicore\\src\\server\\server_api.cpp": 1782263022.093559,
  "aicore\\src\\trainer\\trainer_api.cpp": 1781416098.878865,
  "aicore\\src\\trainer\\data\\augmentation.cpp": 1781416117.623629,